week,title_len,attr_count,latency_ms
1,34.4,2.53,158.5
1,45.6,3.73,125.4
1,36.3,1.99,97.5
1,43.4,3.02,59.8
1,49.5,2.34,117.1
1,42.3,2.35,163.3
1,52.5,3.23,96.1
1,35.1,2.96,258.5
1,44.1,3.31,309.4
1,51.4,2.68,74.3
1,41.5,3.45,23.2
1,38.4,2.42,51.1
1,38.9,2.66,40.2
1,37.3,1.69,81.4
1,42.2,2.55,46.0
1,31.6,3.91,202.7
1,38.5,4.04,135.1
1,38.2,2.86,116.0
1,42.0,2.72,207.4
1,41.0,2.83,103.6
1,36.0,4.96,39.8
1,44.1,3.81,132.4
1,43.4,4.08,181.2
1,42.1,3.32,90.1
1,43.3,1.34,102.0
1,33.9,2.21,190.6
1,38.3,3.14,105.6
1,38.8,2.7,206.4
1,39.0,3.11,222.8
1,37.7,3.47,158.7
1,41.3,3.1,44.1
1,50.9,1.94,70.8
1,40.0,4.47,64.7
1,46.6,2.48,161.7
1,44.8,1.75,138.3
1,40.5,2.01,122.9
1,38.8,2.59,162.2
1,47.6,3.18,96.6
1,34.0,2.88,187.7
1,38.2,2.43,108.2
1,36.5,4.23,60.6
1,43.7,2.65,115.2
1,32.7,3.6,79.8
1,53.5,1.88,147.5
1,37.9,2.47,90.2
1,42.4,3.71,90.4
1,50.4,3.34,143.0
1,26.3,3.47,162.4
1,47.5,2.56,142.6
1,46.0,4.07,207.1
1,46.3,2.49,57.9
1,52.5,2.56,36.8
1,44.9,2.39,119.9
1,39.3,3.52,171.4
1,41.3,2.52,144.0
1,34.7,3.04,186.9
1,48.0,3.74,112.4
1,36.8,1.73,193.5
1,31.8,3.99,115.5
1,40.4,2.37,137.6
1,40.3,4.05,173.7
1,35.3,2.0,194.3
1,41.5,3.12,84.2
1,44.5,2.53,168.8
1,40.9,2.34,104.9
1,37.5,4.22,36.8
1,38.7,3.76,113.2
1,40.0,2.96,92.2
1,35.3,2.59,62.8
1,35.2,4.46,114.7
1,44.8,2.98,117.1
1,45.1,2.34,62.3
1,42.0,1.39,84.9
1,41.0,2.58,44.5
1,35.0,3.34,112.9
1,37.4,4.22,74.3
1,40.5,2.92,140.1
1,47.1,4.94,38.6
1,38.9,4.61,120.4
1,44.6,3.21,159.5
1,44.0,2.78,75.8
1,42.9,3.84,111.6
1,34.8,4.12,71.1
1,43.6,3.11,159.7
1,38.6,3.6,261.5
1,27.4,2.75,106.6
1,42.3,1.98,175.2
1,37.8,3.58,81.5
1,38.8,2.75,170.7
1,48.6,3.14,89.1
1,36.5,1.69,66.8
1,33.9,1.7,196.3
1,41.8,3.89,166.4
1,40.3,3.14,281.4
1,46.0,4.81,126.7
1,44.9,3.37,63.4
1,38.9,3.71,165.2
1,41.9,3.43,144.2
1,40.1,1.81,101.5
1,48.8,3.99,118.6
1,43.1,3.83,104.4
1,39.4,4.18,95.5
1,42.0,2.69,193.8
1,42.0,3.43,175.8
1,36.7,2.67,135.4
1,31.2,2.65,72.9
1,37.8,2.63,83.9
1,47.8,3.39,186.6
1,31.1,3.47,90.1
1,40.1,3.58,216.6
1,45.7,4.57,252.2
1,54.1,4.74,175.0
1,37.4,4.01,132.0
1,42.4,3.44,80.0
1,47.4,2.44,49.0
1,36.7,2.52,37.6
1,36.0,3.69,69.6
1,40.9,2.27,176.7
1,38.8,2.39,178.6
1,54.0,3.28,190.9
1,36.3,2.97,75.4
1,48.1,3.03,74.5
1,42.3,4.13,136.8
1,46.2,2.97,120.9
1,35.0,2.31,87.6
1,48.9,1.87,108.3
1,52.2,3.71,124.3
1,34.1,4.62,68.4
1,45.3,3.21,195.6
1,42.6,2.66,117.2
1,44.1,3.82,139.2
1,38.1,3.26,38.5
1,45.6,3.71,108.8
1,44.2,3.55,98.8
1,44.3,4.57,65.1
1,39.7,4.93,63.5
1,39.8,2.0,50.6
1,46.3,2.55,212.4
1,34.4,2.34,109.5
1,40.8,3.39,216.7
1,42.3,2.94,186.2
1,45.8,2.61,125.6
1,38.7,3.69,125.9
1,36.1,1.61,88.9
1,31.2,2.51,201.4
1,42.8,2.16,198.6
1,42.6,3.33,120.1
1,45.5,3.27,105.1
1,40.7,3.15,91.5
1,36.5,2.78,91.8
1,48.0,2.89,87.4
1,53.7,3.64,37.8
1,48.2,4.76,96.3
1,44.7,2.39,67.8
1,32.7,1.95,163.8
1,49.5,3.37,110.6
1,39.5,2.73,106.3
1,41.6,1.81,95.4
1,42.7,2.64,141.7
1,44.5,4.43,78.7
1,40.5,2.82,60.9
1,44.3,2.46,70.8
1,29.0,3.84,83.0
1,44.6,3.77,140.8
1,48.1,2.74,285.7
1,41.8,2.33,98.5
1,42.6,4.46,89.1
1,35.2,4.75,54.7
1,41.2,1.21,207.4
1,39.3,3.51,152.8
1,48.8,3.2,151.7
1,46.6,2.59,57.2
1,40.3,3.74,45.9
1,38.3,1.03,54.2
1,44.7,2.89,54.1
1,34.8,3.21,104.9
1,31.4,2.57,272.6
1,40.2,2.21,186.7
1,35.1,2.16,126.8
1,44.9,4.47,63.1
1,46.3,3.57,76.8
1,39.2,4.36,62.8
1,46.7,2.13,125.5
1,43.2,3.04,119.7
1,43.4,2.97,202.8
1,33.3,2.33,78.3
1,41.0,2.86,364.2
1,50.3,2.88,26.3
1,48.7,3.51,125.4
1,39.0,3.72,86.9
1,44.5,2.76,201.2
1,37.3,2.08,80.2
1,40.6,3.61,50.8
1,40.9,4.36,51.3
1,47.4,4.27,137.1
1,36.6,1.94,56.4
1,43.4,2.02,125.0
1,38.6,3.71,63.6
1,47.0,2.21,194.5
1,49.8,3.27,41.9
1,39.6,3.69,100.5
1,42.2,1.4,164.5
1,46.7,2.66,66.6
1,35.2,4.81,105.5
1,47.1,3.11,64.7
1,35.5,3.48,60.5
1,39.4,4.12,21.1
1,37.2,2.9,135.5
1,47.1,3.49,273.4
1,41.3,2.56,80.0
1,52.5,3.8,10.0
1,42.0,2.87,111.1
1,49.2,3.14,43.6
1,42.4,3.33,53.8
1,31.5,0.87,67.0
1,51.1,1.72,43.8
1,39.4,4.09,158.6
1,37.1,3.36,271.2
1,41.7,2.65,41.3
1,36.6,1.68,43.0
1,37.3,3.54,92.8
1,46.6,4.35,299.1
1,40.3,2.67,147.6
1,41.1,2.93,64.3
1,38.0,4.17,212.5
1,39.0,2.37,232.2
1,42.2,4.35,117.3
1,49.0,3.06,121.7
1,26.7,3.29,71.6
1,42.7,2.46,123.7
1,43.2,3.09,103.4
1,42.5,2.25,200.3
1,39.6,3.32,103.5
1,47.4,3.07,173.2
1,35.1,3.71,33.0
1,46.2,3.35,133.1
1,41.9,2.7,162.4
1,40.6,3.2,130.2
1,39.1,2.1,70.7
1,40.4,3.15,44.6
1,36.8,2.06,106.5
1,44.2,1.79,189.1
1,41.3,1.68,69.6
1,34.7,2.16,182.0
1,42.7,3.42,100.9
1,42.9,3.36,163.3
1,50.8,3.02,49.3
1,40.5,2.39,156.2
1,34.3,3.54,256.6
1,40.5,1.66,274.9
1,33.6,3.09,178.7
1,38.0,2.92,110.0
1,45.6,3.22,171.4
1,44.5,3.18,107.2
1,42.8,2.54,352.8
1,48.6,2.58,63.7
1,42.7,1.84,139.9
1,28.6,2.28,196.7
1,36.8,3.59,79.3
1,35.2,3.01,179.5
1,45.9,2.96,184.4
1,51.3,3.55,124.6
1,39.2,2.58,125.8
1,38.4,2.25,146.2
1,49.6,2.73,69.8
1,43.6,4.12,105.8
1,42.0,3.2,177.8
1,45.0,3.45,96.8
1,41.3,2.71,117.5
1,42.4,2.78,117.4
1,46.8,2.67,56.1
1,45.1,2.31,149.9
1,53.8,2.81,106.9
1,45.0,3.0,177.1
1,44.8,2.81,34.5
1,31.5,2.87,101.9
1,42.3,3.03,132.2
1,57.7,2.73,53.7
1,45.9,1.73,54.1
1,44.7,4.06,64.2
1,26.2,2.4,148.4
1,48.0,1.21,73.0
1,44.6,3.41,122.4
1,37.3,4.85,52.4
1,46.1,2.15,248.4
1,40.6,3.25,35.0
1,28.6,1.93,117.0
1,33.1,2.57,39.5
1,37.2,2.49,151.8
1,45.4,2.9,156.5
1,39.1,3.46,87.4
1,48.4,3.78,93.8
1,34.3,2.77,72.2
1,46.4,3.44,135.9
1,41.0,3.96,42.9
1,44.5,4.22,91.3
1,34.3,2.57,155.9
1,40.2,2.36,114.1
1,49.4,2.02,129.0
1,45.8,3.2,110.2
1,47.0,4.44,58.0
1,32.7,1.55,54.5
1,39.5,3.68,150.1
1,38.8,4.61,147.8
1,42.7,2.77,269.9
1,42.9,1.68,77.3
1,44.9,2.38,112.8
1,35.4,2.09,100.3
1,40.8,2.33,102.3
1,35.7,3.07,250.2
1,33.2,4.17,199.2
1,41.7,2.37,66.3
1,51.6,2.26,19.5
1,36.6,2.43,96.9
1,37.3,3.11,102.9
1,45.3,2.64,52.2
1,43.2,3.04,151.3
1,35.0,0.64,117.1
1,40.8,3.53,61.9
1,36.5,3.56,65.6
1,39.0,3.64,84.2
1,49.8,2.74,126.5
1,43.8,2.26,114.1
1,42.9,2.37,132.8
1,35.3,2.37,101.1
1,36.7,3.62,170.0
1,38.5,4.02,133.7
1,45.4,2.23,122.8
1,42.6,2.69,107.3
1,45.7,1.85,69.5
1,43.7,2.61,38.0
1,38.2,3.38,82.9
1,33.7,2.66,116.4
1,37.4,3.63,186.9
1,40.3,2.5,144.0
1,47.5,3.78,135.3
1,39.5,1.69,107.0
1,33.7,4.89,145.1
1,54.3,2.6,164.9
1,39.2,2.73,214.9
1,41.3,1.36,128.4
1,45.2,2.43,78.6
1,48.1,1.59,158.1
1,41.6,2.64,140.4
1,39.3,3.05,241.3
1,45.0,2.89,97.8
1,31.5,3.27,52.0
1,35.9,3.44,80.1
1,36.5,3.35,156.4
1,45.5,3.01,49.8
1,40.2,0.91,89.0
1,34.6,2.8,105.7
1,45.2,2.91,87.4
1,49.2,1.28,202.8
1,37.3,2.68,66.5
1,47.1,3.13,32.5
1,45.2,1.81,120.7
1,32.4,3.23,75.6
1,36.4,3.83,96.6
1,37.7,3.7,73.5
1,43.3,1.89,111.5
1,33.5,3.01,144.2
1,48.5,4.91,110.0
1,38.4,4.51,66.3
1,52.3,2.37,180.9
1,39.5,2.89,126.0
1,51.0,3.46,71.4
1,31.5,2.69,94.2
1,52.6,3.17,90.5
1,47.0,2.84,83.6
1,49.0,2.23,44.5
1,35.2,1.98,60.4
1,45.9,4.97,77.1
1,45.0,2.55,101.8
1,43.6,3.79,90.2
1,49.6,4.2,55.4
1,46.3,2.13,50.6
1,39.5,2.86,85.1
1,39.2,3.47,142.6
1,50.8,3.5,119.3
1,41.7,3.71,281.0
1,43.2,2.33,97.9
1,35.2,3.29,227.4
1,44.9,2.66,82.0
1,42.5,3.15,57.0
1,42.5,3.48,195.6
1,45.8,2.87,179.5
1,47.6,2.16,134.8
1,41.1,2.17,90.2
1,50.9,4.56,143.1
1,44.7,4.54,142.7
1,40.3,2.87,133.7
1,38.2,2.95,86.0
1,46.0,3.21,140.6
1,19.2,2.3,155.8
1,47.1,3.73,95.4
1,42.1,2.96,150.1
1,37.6,2.19,19.5
1,33.0,2.69,84.3
1,40.5,1.65,131.1
1,48.5,3.54,99.1
1,38.6,3.19,56.8
1,38.0,1.63,75.5
1,42.8,0.16,75.7
1,40.2,3.42,88.8
1,42.2,2.48,146.2
1,44.3,3.08,68.3
1,38.9,3.45,159.8
1,48.0,3.78,52.5
1,33.8,1.85,222.9
1,35.2,2.96,72.5
1,40.4,3.36,71.0
1,37.6,2.43,73.4
1,42.8,2.73,43.1
1,46.6,3.96,21.3
1,33.8,2.48,210.6
1,39.1,2.34,81.0
1,31.7,3.88,35.5
1,41.5,2.4,37.4
1,37.4,3.65,142.4
1,42.7,3.47,90.6
1,42.1,2.92,144.1
1,39.0,3.43,157.7
1,41.5,3.22,174.9
1,42.0,0.67,158.2
1,37.5,2.9,149.5
1,32.7,2.32,123.7
1,47.0,2.87,169.1
1,45.3,2.23,263.1
1,37.8,1.86,162.7
1,34.7,3.8,74.6
1,45.7,2.8,171.0
1,44.0,2.78,33.8
1,36.8,4.11,48.8
1,40.9,3.32,48.2
1,38.0,4.68,75.0
1,49.0,3.91,79.3
1,54.1,3.29,85.4
1,44.8,3.05,120.8
1,42.2,3.92,163.8
1,41.3,1.83,76.0
1,45.8,2.43,60.6
1,39.5,2.33,163.6
1,40.8,2.72,133.3
1,43.3,3.1,78.7
1,41.0,2.23,59.0
1,47.9,1.34,89.0
1,48.4,4.44,95.8
1,44.7,3.65,59.4
1,47.4,2.45,17.9
1,40.7,4.08,81.9
1,35.0,2.5,345.3
1,34.0,2.96,266.9
1,51.3,2.69,47.9
1,41.3,3.01,98.2
1,37.7,2.26,54.3
1,42.6,3.87,224.9
1,42.1,2.84,43.2
1,51.4,2.49,70.2
1,47.5,2.76,117.5
1,45.4,3.18,169.0
1,40.2,3.77,81.0
1,39.5,2.69,191.6
1,41.7,3.2,173.2
1,47.8,2.96,117.0
1,45.9,3.43,57.6
1,45.2,4.17,61.6
1,39.9,3.15,59.1
1,43.9,2.22,216.0
1,45.2,1.06,96.0
1,46.3,2.92,96.7
1,47.7,4.1,51.3
1,28.8,1.91,74.3
1,39.1,2.77,128.2
1,30.0,2.4,103.2
1,40.8,3.36,172.1
1,43.0,2.09,52.9
1,35.6,3.08,258.0
1,41.5,3.77,68.9
1,47.8,3.05,279.4
1,42.3,2.89,87.0
1,41.4,2.74,98.2
1,38.6,1.72,135.6
1,41.3,3.71,67.5
1,33.1,3.82,148.6
1,51.5,2.66,74.0
1,35.4,2.74,29.0
1,41.5,3.71,73.7
1,53.2,1.56,184.9
1,49.6,3.77,76.1
1,33.2,2.58,111.7
1,46.7,4.27,86.8
1,43.6,1.95,101.6
1,37.0,2.17,59.1
1,36.8,3.98,20.7
1,45.2,2.23,97.2
1,41.5,3.53,146.3
1,33.0,3.13,76.4
1,43.3,2.65,128.6
1,46.1,4.08,142.0
2,45.2,3.38,167.4
2,34.2,1.83,138.7
2,46.1,4.07,97.8
2,43.6,3.02,114.2
2,36.2,1.68,73.0
2,33.0,2.06,69.9
2,43.6,2.51,99.0
2,39.1,2.95,102.5
2,41.8,2.83,19.9
2,30.1,3.44,118.4
2,38.2,3.02,153.6
2,45.7,3.45,102.4
2,45.1,1.66,177.1
2,46.8,3.24,17.3
2,40.7,2.63,87.5
2,36.5,3.89,43.8
2,46.6,3.6,120.9
2,38.7,2.02,75.1
2,35.2,4.44,37.8
2,34.6,2.18,60.5
2,47.5,3.47,97.2
2,43.6,2.99,113.5
2,37.2,2.57,166.5
2,49.7,2.43,147.5
2,44.6,2.31,60.5
2,47.2,2.51,148.8
2,39.8,1.85,50.5
2,39.3,2.97,109.1
2,46.1,2.39,199.8
2,47.2,2.47,103.4
2,40.8,2.44,72.8
2,35.0,5.3,147.9
2,39.9,3.32,180.6
2,47.5,1.64,78.7
2,53.8,2.23,56.6
2,42.3,2.43,53.9
2,45.1,2.73,191.9
2,45.6,3.22,88.4
2,34.7,2.56,87.9
2,45.8,2.35,63.7
2,32.8,3.81,97.6
2,34.9,3.25,127.3
2,41.3,2.1,95.8
2,54.8,2.83,136.7
2,31.7,2.08,23.4
2,53.7,3.85,112.6
2,39.9,3.85,122.9
2,35.4,3.48,101.6
2,48.0,1.69,93.9
2,38.8,2.11,73.3
2,46.9,3.3,128.7
2,53.7,2.67,243.7
2,40.6,4.63,145.9
2,39.7,3.83,82.0
2,38.4,2.4,74.7
2,48.0,3.19,81.5
2,39.8,4.43,127.6
2,43.2,2.29,116.0
2,49.2,2.4,80.3
2,37.8,2.82,17.4
2,45.6,2.5,145.4
2,48.5,2.41,96.7
2,41.4,2.66,174.9
2,39.5,2.46,111.6
2,21.0,2.96,192.2
2,45.2,3.94,94.9
2,47.6,3.4,106.5
2,47.8,2.96,128.5
2,39.2,3.95,60.8
2,46.6,2.15,168.0
2,50.0,3.49,100.9
2,43.6,4.62,114.9
2,40.8,3.15,56.9
2,35.9,2.29,163.0
2,37.5,2.88,96.5
2,33.0,2.13,46.2
2,37.7,2.17,160.0
2,47.0,2.55,122.5
2,38.3,4.06,215.2
2,40.4,3.23,225.0
2,44.5,3.68,178.9
2,48.1,2.52,37.4
2,35.8,2.57,92.0
2,37.6,3.37,139.6
2,45.3,2.67,87.7
2,38.9,2.57,172.5
2,39.0,2.6,188.0
2,43.4,2.07,124.4
2,36.5,2.52,155.0
2,35.7,2.25,154.9
2,45.3,2.66,146.6
2,45.3,1.32,172.2
2,44.6,3.19,38.2
2,44.0,3.61,70.2
2,34.1,3.12,64.4
2,38.4,2.24,148.6
2,40.5,3.32,170.6
2,38.0,3.78,97.9
2,38.2,2.02,31.5
2,42.3,3.54,327.4
2,34.3,2.98,155.5
2,47.6,3.46,115.6
2,34.9,1.39,279.4
2,45.2,0.76,224.8
2,32.6,2.75,126.0
2,44.9,3.84,129.7
2,35.8,2.9,96.3
2,40.4,1.56,163.1
2,45.1,3.34,94.5
2,35.9,4.23,108.8
2,41.8,1.33,124.9
2,38.7,2.25,145.6
2,30.3,3.96,64.4
2,50.2,3.85,87.6
2,36.5,2.65,195.7
2,43.0,3.52,98.4
2,33.0,3.26,170.3
2,49.1,2.69,114.9
2,49.4,3.39,106.7
2,34.9,1.21,82.2
2,45.2,2.87,85.2
2,45.2,3.17,163.7
2,48.9,2.56,107.7
2,46.0,3.33,139.8
2,40.8,3.72,39.1
2,51.6,2.46,105.6
2,41.2,2.33,194.2
2,40.7,1.42,102.8
2,39.4,1.97,84.6
2,40.5,2.59,236.0
2,31.6,3.06,107.7
2,41.1,2.85,255.5
2,46.8,3.05,83.7
2,50.2,3.37,148.3
2,44.1,2.15,42.2
2,43.2,3.06,249.6
2,26.9,1.55,82.2
2,50.3,3.67,18.7
2,39.5,3.98,144.4
2,40.6,2.11,51.4
2,33.7,4.32,115.7
2,39.4,2.53,147.6
2,47.8,4.15,186.0
2,46.9,2.56,189.3
2,52.8,3.56,78.2
2,41.4,3.89,116.9
2,41.0,2.72,55.8
2,35.9,3.05,88.1
2,39.9,2.2,177.2
2,42.9,4.02,73.2
2,39.4,3.11,106.1
2,38.3,4.02,230.3
2,37.3,2.97,103.0
2,41.4,4.11,116.5
2,39.9,2.79,169.4
2,47.8,4.15,79.4
2,48.3,3.7,77.4
2,41.3,4.67,109.4
2,35.1,2.22,75.2
2,33.5,2.47,116.2
2,35.5,3.93,220.9
2,39.1,3.44,157.8
2,46.0,3.77,74.8
2,39.3,0.99,85.5
2,43.4,3.67,121.5
2,38.8,1.41,126.8
2,35.5,2.76,70.9
2,51.1,3.1,95.4
2,37.1,2.76,53.4
2,41.5,1.69,55.5
2,48.8,4.03,152.4
2,38.6,3.31,247.4
2,39.2,2.87,95.4
2,37.4,3.32,146.0
2,35.5,2.88,82.4
2,38.0,3.99,121.1
2,34.0,3.96,100.0
2,48.8,2.88,54.6
2,45.8,4.62,165.6
2,40.6,3.04,30.0
2,45.5,4.42,185.3
2,52.1,4.12,111.5
2,32.0,3.1,145.8
2,32.8,4.27,135.0
2,46.5,4.09,191.3
2,38.9,2.66,63.3
2,42.3,3.37,49.9
2,39.5,4.01,75.1
2,47.6,2.63,213.2
2,44.9,2.21,162.7
2,42.3,3.06,108.3
2,32.9,1.62,128.1
2,46.4,3.4,93.5
2,40.4,3.33,31.5
2,40.6,3.34,174.1
2,43.5,3.63,102.8
2,35.2,1.67,82.1
2,37.7,3.52,60.9
2,43.5,2.47,83.8
2,47.0,2.91,64.1
2,37.3,2.59,63.5
2,50.6,4.07,205.0
2,52.0,2.84,43.0
2,44.0,2.48,118.7
2,44.5,3.52,100.0
2,33.2,2.93,81.9
2,29.6,1.79,142.0
2,40.9,2.34,66.2
2,42.2,3.44,58.1
2,48.7,2.82,132.4
2,44.7,1.01,190.3
2,34.5,2.15,95.5
2,42.8,2.05,168.0
2,38.6,2.82,152.6
2,38.7,2.74,196.0
2,44.2,3.12,303.6
2,43.1,2.84,131.8
2,48.2,1.98,73.7
2,37.6,2.73,169.4
2,53.6,3.08,97.9
2,36.9,2.23,90.2
2,29.6,3.85,124.4
2,32.6,2.47,73.8
2,41.8,3.7,115.8
2,55.1,2.79,65.7
2,42.5,3.55,56.6
2,42.5,1.58,150.0
2,35.2,3.77,173.2
2,43.8,3.16,106.1
2,41.1,3.75,135.2
2,29.1,1.51,49.0
2,39.3,2.95,108.1
2,48.9,1.66,130.3
2,34.4,3.43,132.8
2,27.5,3.77,123.5
2,21.7,2.57,46.5
2,35.4,4.18,174.3
2,48.8,2.24,71.6
2,36.4,1.94,92.6
2,53.2,3.62,80.1
2,44.0,3.95,127.6
2,33.4,2.7,129.2
2,48.0,3.42,124.2
2,33.7,2.6,60.4
2,35.8,3.07,100.8
2,34.8,3.36,59.3
2,41.1,3.96,68.4
2,36.3,2.69,256.1
2,37.5,2.89,227.2
2,44.4,2.81,97.4
2,46.2,2.58,168.1
2,45.7,2.82,47.6
2,38.0,2.38,96.8
2,38.3,1.9,63.6
2,45.3,2.23,201.9
2,55.7,3.21,145.8
2,50.9,2.65,211.6
2,39.8,3.01,171.8
2,51.9,4.06,112.3
2,48.0,1.32,158.3
2,49.5,1.89,76.2
2,45.6,2.5,92.0
2,48.0,2.72,78.7
2,43.5,3.65,118.9
2,52.7,1.32,168.6
2,44.8,2.37,101.5
2,41.5,1.56,240.6
2,42.2,3.08,237.8
2,36.2,3.68,138.8
2,48.5,3.24,66.1
2,44.0,2.93,133.6
2,47.5,3.09,95.2
2,49.1,3.5,92.3
2,52.0,3.6,119.0
2,38.7,3.26,256.8
2,51.7,2.93,84.8
2,31.0,3.14,180.5
2,29.4,1.92,103.6
2,45.1,3.0,157.5
2,41.2,3.43,76.8
2,36.9,3.39,138.8
2,45.8,4.23,61.2
2,48.5,2.83,162.7
2,49.5,0.81,215.6
2,42.5,2.35,220.3
2,38.7,3.9,157.6
2,36.1,2.1,200.7
2,43.0,3.39,31.7
2,40.2,3.79,45.3
2,52.8,1.62,111.0
2,47.2,1.27,130.6
2,40.3,4.66,98.1
2,41.3,3.19,144.9
2,37.3,3.12,121.2
2,36.3,3.71,85.6
2,47.8,3.36,221.6
2,43.1,1.87,152.8
2,38.4,1.54,59.3
2,42.5,4.17,111.1
2,54.8,2.7,96.3
2,40.3,3.62,137.7
2,38.3,1.67,68.8
2,43.8,2.35,45.5
2,44.3,3.55,83.4
2,45.7,3.13,193.2
2,37.0,3.87,93.1
2,47.4,4.16,120.9
2,51.2,3.3,123.1
2,48.8,2.11,54.3
2,36.8,3.77,209.7
2,36.7,3.5,210.9
2,37.5,3.24,48.1
2,40.4,3.05,54.4
2,45.1,2.83,26.8
2,52.9,3.37,110.9
2,45.5,3.17,155.8
2,42.7,2.63,132.8
2,39.6,3.43,155.6
2,29.0,3.51,228.4
2,39.4,3.65,165.1
2,48.1,1.77,84.7
2,41.5,3.29,102.7
2,40.5,2.1,73.5
2,41.7,3.45,94.4
2,49.4,2.6,121.8
2,38.2,2.4,202.8
2,48.4,3.25,96.0
2,42.8,3.99,198.0
2,46.7,4.77,42.8
2,36.4,4.24,81.2
2,39.3,3.34,103.9
2,44.0,3.74,103.8
2,48.2,2.67,87.0
2,48.2,3.47,122.0
2,42.8,2.23,153.8
2,45.1,3.71,103.7
2,37.6,3.55,199.2
2,42.5,1.83,115.3
2,56.2,2.57,181.9
2,40.8,3.1,110.0
2,37.0,2.67,56.7
2,40.8,3.13,137.5
2,37.4,3.34,162.0
2,36.1,2.64,99.9
2,46.2,3.0,259.3
2,50.5,3.98,190.2
2,42.7,3.0,166.4
2,40.4,4.33,149.8
2,34.7,2.65,130.3
2,34.6,3.61,184.2
2,46.8,4.62,222.9
2,35.4,3.18,307.4
2,42.0,4.25,183.0
2,36.8,3.07,135.6
2,41.3,2.74,162.3
2,31.8,2.64,64.1
2,49.1,3.64,63.3
2,41.4,1.94,96.7
2,43.8,3.27,71.0
2,49.7,1.32,129.8
2,50.4,3.65,161.5
2,43.6,3.3,22.3
2,45.7,1.87,148.3
2,50.3,2.67,120.5
2,25.2,2.72,115.0
2,46.0,3.07,114.7
2,39.5,3.03,167.6
2,30.9,3.04,113.7
2,39.9,2.22,63.0
2,43.7,4.11,224.0
2,37.1,2.9,149.2
2,44.7,3.32,57.2
2,44.7,4.66,93.9
2,38.4,3.19,77.8
2,56.7,3.09,42.4
2,48.8,3.54,100.2
2,36.6,2.85,90.2
2,49.3,3.74,200.0
2,36.5,3.06,135.6
2,44.1,4.27,97.9
2,45.1,3.08,159.8
2,36.2,3.35,40.2
2,35.2,4.21,88.8
2,40.7,2.8,167.6
2,41.6,2.68,88.9
2,31.9,2.04,192.4
2,36.5,1.6,200.5
2,39.1,3.08,59.2
2,42.1,2.29,70.4
2,40.3,3.49,109.4
2,46.5,3.86,253.4
2,23.0,3.51,79.0
2,42.6,2.64,51.8
2,45.4,3.14,120.8
2,31.9,2.96,124.4
2,37.0,2.4,94.0
2,51.2,4.06,42.5
2,45.9,4.04,63.3
2,35.2,3.22,77.0
2,34.7,1.69,283.8
2,32.2,3.29,51.1
2,30.7,1.74,67.8
2,42.2,2.17,118.8
2,43.6,2.95,130.8
2,47.7,2.04,225.4
2,45.3,3.48,109.9
2,36.3,4.4,116.0
2,45.1,3.27,92.1
2,46.4,3.76,129.6
2,37.3,3.38,77.4
2,48.8,2.18,33.1
2,31.5,2.69,58.3
2,55.3,2.92,132.0
2,38.1,3.86,133.0
2,37.7,3.36,109.5
2,38.8,4.63,130.6
2,40.5,2.99,77.7
2,41.9,4.55,86.9
2,39.4,4.5,46.1
2,43.9,2.1,342.4
2,42.2,4.35,89.8
2,39.9,2.96,184.6
2,26.1,2.97,113.7
2,40.9,2.31,96.5
2,41.7,3.52,60.7
2,36.0,4.03,42.6
2,44.0,3.22,22.8
2,42.7,2.26,77.0
2,35.7,2.02,110.0
2,39.0,2.47,108.6
2,36.1,3.33,123.2
2,40.7,4.15,154.3
2,33.5,3.08,83.2
2,38.2,2.96,138.4
2,47.6,3.23,113.2
2,40.5,2.38,87.2
2,51.2,2.88,69.8
2,30.0,3.83,46.5
2,39.1,3.26,278.3
2,36.0,3.06,222.9
2,42.3,3.14,61.8
2,39.6,4.06,162.5
2,40.3,3.42,62.7
2,39.2,3.28,181.0
2,56.8,2.46,158.2
2,51.7,4.09,156.1
2,46.2,2.34,138.2
2,43.6,2.72,71.1
2,41.7,2.84,158.0
2,43.7,1.56,42.6
2,48.2,3.11,142.1
2,47.8,3.49,61.2
2,32.7,3.36,94.6
2,43.9,3.23,213.2
2,43.1,4.06,258.9
2,38.9,2.63,138.0
2,31.5,3.9,163.8
2,50.1,3.15,125.7
2,34.7,2.72,106.6
2,38.8,2.43,87.1
2,41.6,1.84,52.6
2,43.0,3.02,85.1
2,44.2,3.27,132.7
2,35.9,2.66,91.8
2,39.8,2.37,104.0
2,49.2,2.7,75.0
2,39.9,5.05,133.5
2,42.0,3.11,161.6
2,44.1,3.01,91.0
2,42.5,4.71,182.1
2,35.0,2.68,58.8
2,36.2,2.74,92.9
2,40.8,2.28,195.6
2,38.7,2.29,45.4
2,48.3,3.75,79.7
2,45.7,3.16,167.3
2,42.9,2.81,104.0
2,37.2,4.44,69.0
2,47.4,3.2,128.5
2,47.5,4.22,82.7
2,48.7,2.54,221.5
2,34.5,4.28,54.8
2,46.1,3.83,115.8
2,40.4,2.7,165.7
2,38.1,1.82,79.3
2,35.2,1.6,176.4
2,34.1,4.26,166.3
2,45.0,4.05,169.0
2,35.6,1.97,102.2
2,37.2,2.88,211.4
2,42.2,2.0,81.0
2,36.9,2.79,118.3
2,38.7,4.01,86.4
2,40.9,3.59,272.4
2,41.9,2.65,79.7
2,41.9,2.38,72.4
2,50.3,4.32,151.6
2,34.4,1.75,151.0
2,43.0,3.69,137.6
2,48.1,3.76,62.3
3,41.1,2.79,134.0
3,47.3,2.32,145.8
3,40.9,2.91,175.7
3,40.4,4.14,87.2
3,30.7,2.83,64.4
3,43.4,2.13,69.2
3,38.9,2.24,206.5
3,40.9,2.04,253.5
3,35.7,3.3,44.9
3,40.9,3.59,177.1
3,40.7,0.41,226.4
3,42.6,4.81,54.7
3,45.0,3.87,110.1
3,39.5,3.43,135.5
3,43.9,2.3,93.7
3,39.4,3.91,136.0
3,32.4,3.26,106.4
3,50.3,2.67,92.8
3,38.4,3.07,30.6
3,49.8,3.27,170.2
3,50.1,2.72,173.5
3,41.8,1.94,79.2
3,32.0,2.39,92.1
3,52.8,3.55,91.5
3,41.9,1.66,60.5
3,33.9,3.41,16.9
3,46.9,2.63,171.4
3,36.9,3.44,98.4
3,41.3,4.06,201.1
3,39.9,3.42,67.5
3,47.7,4.55,70.1
3,45.3,2.78,178.0
3,52.2,3.05,168.7
3,43.3,2.96,104.0
3,33.9,3.0,113.1
3,35.4,2.76,79.2
3,49.0,1.82,41.2
3,40.0,2.76,94.6
3,38.7,3.48,56.6
3,47.4,4.12,42.9
3,51.6,3.74,99.0
3,41.9,3.24,89.9
3,44.9,2.11,84.2
3,40.5,3.22,120.7
3,50.0,3.0,217.3
3,35.6,2.61,87.7
3,46.4,3.12,81.3
3,39.4,3.59,107.9
3,46.0,4.23,128.5
3,50.9,3.4,120.1
3,43.9,4.97,110.1
3,44.7,3.35,90.5
3,45.0,2.31,80.1
3,49.4,3.06,113.8
3,52.2,3.89,196.0
3,44.1,2.25,160.5
3,45.1,2.43,60.4
3,43.8,2.81,125.2
3,42.0,4.12,130.2
3,44.4,2.59,232.9
3,43.1,3.55,173.4
3,42.3,4.79,235.1
3,46.4,2.74,131.6
3,39.1,2.53,237.7
3,48.9,2.65,81.5
3,34.2,3.53,102.4
3,37.4,4.58,108.0
3,47.2,2.33,188.9
3,33.7,2.58,58.3
3,37.2,2.28,127.7
3,49.3,3.93,113.6
3,33.6,3.56,135.3
3,40.2,2.76,94.1
3,43.7,1.8,151.3
3,48.5,3.43,197.8
3,47.6,3.91,163.8
3,35.1,2.34,157.5
3,41.9,2.79,196.3
3,39.8,4.05,104.8
3,39.1,3.23,92.0
3,50.7,3.04,86.2
3,43.2,2.55,90.2
3,43.2,1.96,135.4
3,46.3,3.39,116.1
3,51.3,4.01,50.6
3,39.1,3.51,82.6
3,37.6,3.24,150.6
3,38.9,1.48,21.9
3,43.9,3.14,228.7
3,29.5,2.1,27.6
3,45.5,3.24,180.2
3,39.6,2.58,137.1
3,22.9,3.31,124.0
3,46.2,3.25,93.0
3,40.3,3.76,138.8
3,42.6,2.28,191.0
3,43.1,3.44,141.4
3,40.4,2.27,95.5
3,47.0,3.45,174.8
3,35.0,2.87,105.6
3,45.1,3.81,30.1
3,41.5,3.38,279.5
3,37.7,2.66,72.5
3,42.3,3.79,117.0
3,40.8,2.17,176.7
3,32.4,3.18,71.1
3,41.5,1.93,195.1
3,39.2,3.09,67.2
3,31.0,1.11,63.2
3,31.5,2.6,82.1
3,45.7,4.37,136.5
3,46.0,4.12,57.4
3,33.5,2.55,132.9
3,47.4,3.31,112.6
3,44.7,4.04,108.8
3,39.5,3.09,95.9
3,47.2,4.19,107.9
3,47.2,2.89,121.3
3,38.7,3.42,142.1
3,42.0,2.04,186.7
3,37.5,2.57,37.2
3,45.7,2.65,206.2
3,47.3,1.45,214.6
3,52.1,2.52,102.2
3,36.4,1.7,21.8
3,32.0,1.68,146.2
3,32.3,0.7,127.7
3,45.9,2.94,115.0
3,40.3,2.28,70.1
3,51.1,2.68,24.4
3,37.2,2.96,95.2
3,39.7,3.65,156.1
3,43.1,2.39,54.2
3,46.9,5.11,69.9
3,43.9,2.58,212.3
3,38.4,4.39,81.5
3,41.2,3.7,104.1
3,43.4,4.08,143.4
3,36.9,2.84,109.9
3,36.0,3.31,152.8
3,48.4,2.12,89.0
3,42.8,3.39,206.5
3,44.2,4.15,61.9
3,33.2,3.5,73.4
3,40.7,4.44,161.8
3,40.2,3.63,59.3
3,40.5,3.65,99.1
3,37.9,4.39,93.9
3,42.9,2.32,41.8
3,40.8,3.66,304.6
3,44.0,3.98,163.0
3,50.0,2.96,224.4
3,49.1,2.82,43.8
3,47.9,2.55,98.7
3,41.1,2.0,142.5
3,42.1,4.06,124.4
3,43.9,2.53,177.3
3,44.5,3.97,60.9
3,35.7,4.45,78.6
3,44.2,0.82,63.8
3,36.3,2.79,127.8
3,38.8,3.44,215.8
3,39.1,2.92,155.3
3,41.2,1.76,56.9
3,38.9,2.73,106.5
3,39.0,4.11,204.1
3,36.9,3.11,89.1
3,44.5,2.83,247.7
3,45.3,3.56,131.2
3,47.0,2.5,187.2
3,50.0,3.84,144.7
3,48.6,3.46,120.0
3,46.2,4.24,147.3
3,43.2,3.97,116.5
3,39.0,3.76,90.9
3,44.6,3.04,140.2
3,49.7,3.54,181.2
3,37.0,3.05,158.9
3,37.5,3.62,77.7
3,43.7,2.82,82.0
3,42.5,2.16,148.3
3,47.2,3.25,86.1
3,41.2,3.1,173.0
3,50.5,1.53,162.6
3,42.9,2.06,68.8
3,38.5,2.61,55.1
3,51.0,3.22,108.1
3,51.7,2.41,124.9
3,40.4,2.87,105.2
3,43.3,4.15,69.9
3,35.5,3.19,181.5
3,40.1,3.23,234.8
3,45.4,3.77,89.2
3,54.4,3.88,185.7
3,34.1,2.93,76.4
3,24.9,3.5,100.2
3,53.4,2.75,40.8
3,44.3,2.86,307.9
3,41.3,3.81,129.6
3,40.0,2.15,160.1
3,46.8,2.51,140.0
3,39.1,2.44,141.0
3,33.8,2.55,148.1
3,37.5,3.67,226.7
3,28.2,3.19,102.1
3,34.3,3.64,121.0
3,38.1,3.87,53.4
3,40.1,1.78,66.7
3,36.9,3.62,150.7
3,33.5,3.05,27.8
3,43.5,3.7,101.5
3,37.9,2.63,149.9
3,52.0,3.28,108.7
3,42.0,1.93,57.8
3,33.8,2.7,103.6
3,32.0,2.06,35.4
3,44.4,2.39,48.7
3,44.6,2.5,193.3
3,43.9,2.17,43.9
3,54.5,2.34,113.8
3,41.9,2.88,100.2
3,37.7,3.38,60.4
3,28.2,1.51,51.0
3,40.4,3.56,133.6
3,36.3,3.06,125.3
3,39.9,3.59,103.0
3,47.2,4.51,125.7
3,44.8,3.22,292.8
3,36.4,4.02,160.8
3,44.7,3.81,137.3
3,42.8,2.91,130.8
3,40.1,2.85,109.8
3,48.1,3.28,78.5
3,39.0,2.59,133.0
3,43.7,2.38,91.0
3,44.4,3.77,134.2
3,54.1,1.92,314.3
3,57.7,2.21,133.5
3,47.3,3.38,131.9
3,41.4,2.59,138.1
3,41.2,1.85,113.2
3,41.8,2.13,108.9
3,38.4,2.25,161.3
3,44.5,2.63,77.6
3,41.6,1.62,62.6
3,43.2,3.98,179.3
3,40.2,3.77,159.6
3,41.9,3.11,96.0
3,37.9,2.94,101.1
3,46.7,1.87,130.5
3,36.9,2.39,139.3
3,43.0,3.04,63.2
3,34.7,2.96,52.6
3,47.2,3.2,63.7
3,40.6,3.19,134.5
3,44.1,2.86,130.9
3,35.6,4.48,135.7
3,40.4,4.93,114.6
3,42.2,3.13,103.5
3,47.9,2.99,164.9
3,59.3,3.72,212.9
3,32.9,2.74,108.6
3,49.9,3.91,101.9
3,39.9,2.79,58.4
3,34.9,3.81,158.3
3,42.6,3.65,29.7
3,48.3,3.65,194.5
3,40.7,4.01,109.6
3,50.7,3.56,95.8
3,32.0,3.39,158.9
3,49.0,3.22,118.7
3,36.3,4.11,204.0
3,39.6,3.27,70.0
3,42.8,2.29,97.1
3,45.9,4.31,290.6
3,36.9,2.96,164.3
3,40.4,3.86,151.4
3,43.0,2.1,86.1
3,47.1,3.07,90.9
3,37.3,3.32,161.1
3,37.3,2.33,157.6
3,42.4,2.03,117.1
3,36.6,2.83,120.0
3,39.5,3.48,220.8
3,34.8,3.01,185.3
3,49.1,1.73,138.4
3,50.6,4.04,98.0
3,41.4,3.98,143.0
3,40.9,4.71,32.7
3,34.9,3.68,58.1
3,46.8,3.23,109.7
3,46.3,2.68,168.0
3,40.8,4.14,127.6
3,34.7,2.53,79.2
3,40.5,3.58,111.5
3,33.8,1.55,96.9
3,37.3,3.2,276.4
3,42.5,3.1,155.4
3,46.2,3.27,119.1
3,44.5,1.23,128.9
3,43.9,2.25,205.0
3,42.3,3.36,69.4
3,46.4,2.6,61.5
3,41.4,2.13,85.8
3,40.8,2.84,140.5
3,44.4,3.2,99.2
3,25.5,2.71,80.4
3,47.5,2.49,144.6
3,33.7,3.18,51.6
3,39.2,2.36,38.1
3,35.1,1.81,121.0
3,44.4,1.86,102.3
3,41.2,3.26,86.7
3,38.0,3.49,153.5
3,46.5,1.86,100.5
3,35.2,1.91,76.5
3,41.5,2.53,100.3
3,45.4,1.2,74.2
3,44.7,3.19,107.2
3,54.1,3.01,104.4
3,38.3,3.3,200.4
3,41.0,4.19,134.2
3,32.4,3.56,178.7
3,38.1,3.35,60.5
3,46.8,3.88,72.6
3,36.7,3.16,55.8
3,39.2,3.29,72.6
3,46.0,1.66,75.4
3,38.8,3.7,79.1
3,44.9,2.91,159.4
3,41.6,2.38,104.0
3,42.4,3.01,118.2
3,45.4,1.99,141.9
3,25.2,4.58,64.4
3,30.8,2.64,122.3
3,34.8,2.65,132.6
3,42.8,3.61,103.9
3,40.2,3.56,157.5
3,44.6,2.49,61.6
3,43.0,1.75,111.6
3,48.2,2.49,193.5
3,41.8,4.02,261.5
3,37.6,3.34,46.8
3,49.8,3.46,67.7
3,33.7,3.5,70.3
3,38.8,2.77,35.4
3,39.9,4.67,78.2
3,42.0,2.56,25.2
3,40.4,3.26,285.0
3,47.2,2.76,50.5
3,37.6,2.96,84.0
3,49.6,2.89,92.1
3,39.1,2.31,54.7
3,39.2,3.6,90.6
3,42.5,3.31,68.4
3,34.9,3.03,54.3
3,47.3,3.44,182.7
3,47.5,2.45,85.7
3,47.1,2.56,155.0
3,44.0,2.32,89.3
3,44.0,2.35,51.2
3,46.5,3.76,30.2
3,39.7,3.97,98.4
3,39.4,2.45,160.2
3,34.4,3.91,63.0
3,42.1,3.41,43.9
3,39.0,2.5,208.9
3,46.4,3.17,227.0
3,41.5,1.74,163.5
3,47.2,2.9,44.7
3,37.9,3.74,87.3
3,55.0,3.64,184.1
3,35.4,3.85,219.9
3,38.9,2.27,140.0
3,39.8,2.7,31.5
3,51.0,3.39,172.3
3,40.4,3.01,129.7
3,38.0,2.89,70.4
3,47.5,4.4,160.1
3,53.1,3.37,162.9
3,43.8,2.89,165.1
3,44.5,2.32,142.0
3,46.2,3.94,170.4
3,41.2,3.36,28.3
3,41.5,2.01,63.2
3,20.5,3.22,191.3
3,50.5,2.66,65.8
3,39.7,2.54,100.0
3,37.0,2.1,135.7
3,34.5,2.14,122.2
3,46.5,3.17,143.7
3,44.7,3.35,73.2
3,50.1,3.1,182.2
3,39.6,1.9,151.5
3,38.7,4.56,152.9
3,34.8,1.51,175.7
3,39.0,2.35,65.0
3,35.7,2.03,125.3
3,31.6,3.16,144.1
3,40.7,2.52,159.6
3,30.6,2.82,113.2
3,40.5,3.39,69.0
3,36.1,2.01,149.3
3,34.9,3.76,109.3
3,33.4,3.49,40.6
3,41.5,3.36,121.0
3,37.1,3.08,138.1
3,48.3,2.65,151.8
3,41.5,3.4,176.1
3,42.5,2.94,144.6
3,47.1,3.31,48.6
3,40.1,3.73,64.5
3,42.7,3.28,98.1
3,36.2,3.49,105.7
3,43.3,5.74,98.8
3,26.5,2.78,174.5
3,38.1,2.98,176.8
3,48.4,2.6,97.2
3,36.8,2.88,95.0
3,47.0,3.34,77.1
3,36.2,2.56,154.4
3,38.9,3.25,105.8
3,41.0,3.35,128.5
3,43.0,3.02,33.0
3,44.9,4.11,40.1
3,30.7,4.12,96.9
3,44.1,2.23,142.4
3,19.1,2.35,121.3
3,44.0,3.84,66.2
3,46.5,1.7,186.0
3,40.3,2.76,60.5
3,43.8,3.47,114.6
3,40.2,3.86,148.6
3,41.2,1.59,30.8
3,49.6,2.44,76.0
3,34.3,2.27,126.8
3,38.8,2.5,124.2
3,30.8,2.39,104.9
3,42.8,3.66,47.2
3,54.3,3.04,115.2
3,38.7,2.24,113.4
3,44.4,3.45,41.2
3,40.7,4.18,203.7
3,49.3,2.71,125.6
3,36.0,3.07,105.3
3,41.6,3.05,169.3
3,34.3,3.54,166.9
3,35.2,2.89,127.2
3,37.4,2.88,192.9
3,38.6,2.84,76.0
3,46.3,1.46,204.1
3,43.0,2.34,191.3
3,38.8,2.22,88.3
3,47.4,3.23,138.2
3,47.1,2.83,253.0
3,44.4,4.75,181.4
3,43.8,3.04,100.3
3,32.8,3.51,43.2
3,40.1,2.24,212.1
3,38.0,2.54,118.8
3,50.8,1.9,551.2
3,59.7,3.87,103.8
3,39.7,3.28,72.9
3,43.1,2.21,136.4
3,37.7,2.66,142.1
3,41.1,3.74,191.6
3,44.5,2.28,169.6
3,45.0,2.5,79.0
3,34.1,2.53,60.7
3,37.1,3.45,59.5
3,42.0,4.45,74.8
3,34.1,2.31,76.4
3,47.8,2.75,254.5
3,39.5,2.62,180.2
3,51.0,3.35,170.9
3,31.8,1.67,87.2
3,49.4,2.84,149.3
3,46.9,1.43,107.2
3,43.5,3.47,92.7
3,48.1,2.69,93.4
3,42.6,2.58,80.0
3,37.1,3.41,186.2
3,47.9,2.94,75.0
3,43.7,3.24,176.6
3,54.4,2.54,131.7
3,47.6,2.26,171.3
3,46.6,3.97,42.7
3,43.4,3.1,94.1
3,36.9,3.26,63.4
3,38.6,2.66,195.7
3,36.0,2.3,161.0
3,50.7,3.11,80.0
3,50.2,1.3,180.1
3,40.1,2.94,118.0
3,37.6,2.99,104.4
3,58.1,2.41,114.6
3,39.1,2.14,43.4
3,44.1,3.07,67.0
3,35.1,2.98,130.3
3,37.5,2.61,163.8
4,48.4,3.58,144.3
4,67.9,3.02,136.6
4,63.3,2.82,77.0
4,63.5,4.02,135.6
4,59.0,3.03,196.8
4,61.7,1.34,69.1
4,56.0,3.13,218.8
4,52.5,2.34,65.2
4,62.8,3.77,89.8
4,68.0,1.81,150.9
4,56.2,2.99,135.9
4,54.2,2.43,255.4
4,59.2,3.63,98.3
4,55.0,3.4,68.1
4,53.6,4.38,80.2
4,50.0,4.07,93.6
4,57.2,5.01,137.4
4,40.7,4.08,74.7
4,53.4,4.17,107.6
4,56.8,2.33,132.0
4,48.6,2.93,106.8
4,46.2,3.23,94.7
4,62.5,1.45,113.5
4,56.9,1.87,76.2
4,48.5,3.3,110.2
4,63.9,2.58,218.8
4,52.3,2.26,115.3
4,58.9,2.68,87.4
4,64.0,2.57,120.9
4,50.7,3.42,163.8
4,51.3,2.17,106.9
4,58.1,2.71,121.0
4,61.9,4.18,81.2
4,68.1,3.03,128.5
4,70.2,2.15,88.0
4,61.0,3.56,17.7
4,68.7,3.62,131.6
4,55.5,3.46,48.1
4,60.3,3.47,82.6
4,63.7,1.57,233.5
4,59.2,2.89,161.9
4,56.4,4.29,28.0
4,60.7,2.96,155.3
4,56.5,3.92,44.6
4,54.8,3.29,134.2
4,56.3,3.05,100.8
4,66.7,2.04,130.8
4,69.7,3.07,52.1
4,49.2,2.49,149.3
4,64.5,2.92,146.1
4,71.5,2.52,221.5
4,65.1,2.5,75.2
4,53.3,3.34,196.6
4,57.0,2.13,170.6
4,57.0,2.44,40.9
4,65.9,1.42,152.1
4,54.9,2.0,30.4
4,69.4,2.26,169.6
4,62.3,4.6,174.5
4,51.1,3.6,221.6
4,37.1,1.99,73.4
4,54.6,3.0,78.8
4,57.6,2.49,164.2
4,51.1,3.17,46.6
4,64.2,4.61,92.2
4,54.1,2.81,236.3
4,63.5,2.72,73.6
4,45.0,4.01,123.5
4,53.8,3.25,169.0
4,63.8,3.22,104.7
4,55.0,2.0,107.0
4,56.7,3.95,141.3
4,58.0,3.06,143.1
4,57.1,1.93,74.1
4,59.1,1.81,80.8
4,66.2,3.2,136.6
4,54.2,2.64,140.8
4,61.0,3.11,127.9
4,54.8,2.75,170.9
4,63.5,0.77,71.9
4,51.4,2.08,87.7
4,61.7,2.71,86.4
4,61.0,3.35,170.8
4,50.1,2.72,166.9
4,57.5,3.23,269.9
4,57.3,4.35,79.5
4,60.4,2.82,138.0
4,71.5,1.35,94.6
4,57.2,3.86,86.3
4,59.4,3.67,102.3
4,57.3,2.21,229.8
4,55.1,2.31,134.7
4,67.1,3.43,94.9
4,57.3,3.42,107.4
4,51.9,4.79,98.8
4,51.5,2.72,263.8
4,55.8,3.68,171.6
4,59.2,2.12,72.3
4,56.7,2.66,82.3
4,54.1,2.73,84.4
4,60.2,1.92,138.1
4,60.5,3.11,132.1
4,60.7,3.92,83.9
4,61.8,2.56,73.6
4,55.4,3.98,85.3
4,58.0,3.35,129.4
4,54.7,3.91,39.7
4,58.2,2.44,93.2
4,56.8,3.37,82.0
4,55.2,3.88,185.7
4,61.0,2.99,201.5
4,56.8,4.28,65.0
4,66.2,3.53,71.7
4,49.5,4.19,56.9
4,49.4,5.05,49.1
4,65.3,2.44,145.7
4,60.3,3.86,87.2
4,60.1,4.56,68.8
4,56.6,2.03,172.2
4,51.1,2.34,67.2
4,60.7,2.89,90.3
4,68.7,2.81,167.0
4,68.1,2.02,163.2
4,71.3,3.56,38.3
4,62.1,3.53,147.0
4,56.1,3.87,67.5
4,54.3,2.44,85.7
4,61.3,1.82,136.7
4,58.2,2.87,83.7
4,55.8,3.56,156.5
4,50.5,2.29,201.0
4,58.8,2.55,242.5
4,58.8,3.4,50.7
4,55.3,3.69,86.7
4,48.8,2.39,44.7
4,62.8,3.01,95.6
4,62.2,2.21,68.1
4,59.6,3.49,66.2
4,60.8,2.45,43.8
4,56.8,4.36,68.5
4,70.3,2.13,152.5
4,60.4,4.87,162.0
4,52.3,2.86,80.6
4,45.2,2.34,108.2
4,53.6,3.15,38.4
4,43.3,4.79,121.8
4,61.2,5.03,86.8
4,70.0,2.02,202.7
4,60.6,1.85,336.4
4,53.8,3.44,77.0
4,50.4,3.12,78.9
4,52.4,3.71,91.1
4,60.6,3.91,65.0
4,52.5,2.83,183.2
4,52.5,2.81,133.3
4,47.8,4.13,142.7
4,49.2,2.54,180.0
4,56.9,2.22,157.8
4,56.6,2.92,76.9
4,48.9,2.5,35.6
4,54.0,2.69,107.9
4,50.9,3.18,258.1
4,65.7,1.96,99.4
4,66.6,3.73,100.8
4,51.0,3.51,92.6
4,61.7,3.91,71.1
4,67.7,4.14,82.2
4,62.5,3.02,96.3
4,52.8,2.44,52.3
4,63.2,2.66,25.8
4,59.6,3.17,73.6
4,63.3,3.28,75.3
4,59.3,2.28,133.5
4,70.5,2.94,269.6
4,54.0,2.16,66.9
4,58.8,1.53,179.6
4,46.9,3.81,237.8
4,55.2,2.32,176.0
4,55.3,3.34,226.1
4,55.2,2.77,152.3
4,57.9,2.25,54.4
4,54.9,3.86,30.9
4,54.1,2.15,131.0
4,67.0,3.23,106.0
4,72.9,2.77,188.9
4,53.0,4.42,110.2
4,61.3,2.29,86.7
4,60.0,3.29,79.0
4,57.8,3.08,206.6
4,54.9,3.23,45.1
4,70.3,4.46,170.0
4,61.0,2.65,234.0
4,63.8,2.59,86.2
4,70.2,4.14,130.6
4,62.7,4.09,36.7
4,51.7,2.83,52.4
4,50.1,2.56,147.3
4,52.8,3.32,127.3
4,63.6,2.18,75.8
4,52.7,2.74,38.1
4,65.6,3.13,77.7
4,68.3,2.47,139.5
4,66.7,2.32,47.6
4,62.4,4.59,160.1
4,65.1,2.62,68.8
4,54.5,2.44,196.2
4,48.5,3.47,63.8
4,62.2,2.42,86.0
4,56.3,2.66,22.8
4,67.7,3.5,89.8
4,61.8,2.33,199.2
4,56.1,4.27,28.8
4,61.8,3.54,234.3
4,63.2,2.0,135.9
4,63.1,2.81,178.9
4,57.5,3.15,237.2
4,59.2,3.51,184.9
4,51.8,3.5,108.4
4,53.3,3.46,142.1
4,51.4,4.51,167.2
4,61.6,2.63,100.4
4,63.8,1.87,61.2
4,63.1,2.92,65.3
4,54.2,1.85,199.4
4,65.7,1.84,141.6
4,72.7,1.62,248.8
4,56.9,3.47,64.4
4,63.2,3.01,125.0
4,61.9,2.37,159.0
4,53.6,3.41,61.6
4,62.0,4.53,150.9
4,50.1,4.38,77.4
4,52.0,3.64,116.6
4,57.8,2.12,36.0
4,58.7,2.05,176.7
4,48.1,3.0,159.7
4,48.3,4.14,121.0
4,62.1,4.08,39.0
4,54.7,3.5,217.0
4,56.2,3.36,97.1
4,61.1,3.79,183.9
4,61.6,4.23,328.8
4,63.9,2.21,57.3
4,45.8,3.12,214.3
4,62.2,2.96,88.1
4,65.4,3.68,111.6
4,64.5,2.75,114.6
4,59.3,4.24,50.3
4,70.8,3.72,99.1
4,57.7,4.17,164.2
4,59.4,3.33,139.1
4,61.4,3.34,73.6
4,56.5,3.08,96.2
4,52.2,1.61,266.1
4,64.6,3.49,70.9
4,56.3,3.29,71.5
4,57.8,3.88,88.0
4,54.7,3.29,36.4
4,58.1,3.35,123.1
4,51.5,2.44,44.2
4,57.0,1.77,78.2
4,65.8,1.97,286.7
4,47.8,4.41,60.4
4,54.0,2.77,121.6
4,54.0,2.94,152.6
4,66.2,2.92,82.8
4,50.2,3.47,124.1
4,54.6,1.69,83.9
4,52.2,2.97,21.4
4,55.5,3.27,92.7
4,54.0,2.84,62.1
4,64.0,2.5,137.3
4,50.6,2.73,127.6
4,53.4,2.93,170.9
4,54.1,2.88,187.1
4,64.2,3.94,145.0
4,54.0,2.8,100.1
4,57.6,3.14,121.0
4,65.2,2.39,94.4
4,63.3,2.32,58.9
4,54.5,1.83,72.2
4,63.4,3.67,212.5
4,55.3,3.82,74.4
4,57.1,3.33,69.6
4,55.5,3.33,101.9
4,57.2,3.6,46.0
4,55.2,2.99,238.1
4,50.2,2.08,120.2
4,58.5,1.97,272.3
4,58.8,1.78,228.4
4,58.6,3.96,84.0
4,58.9,1.76,57.8
4,59.4,1.89,88.1
4,55.1,2.52,177.4
4,56.5,2.69,37.8
4,60.9,3.19,154.8
4,71.2,2.1,124.0
4,56.1,2.49,141.2
4,51.7,1.56,84.1
4,61.6,2.26,100.1
4,48.7,2.38,96.2
4,58.9,1.64,98.1
4,49.3,3.18,26.5
4,62.7,1.22,153.2
4,54.5,4.13,77.8
4,56.2,2.93,165.8
4,58.9,2.63,204.0
4,58.8,1.58,71.3
4,54.7,2.29,142.7
4,67.5,2.69,121.9
4,64.1,2.01,134.9
4,59.8,3.05,240.7
4,52.3,2.34,94.2
4,55.3,3.81,109.8
4,50.0,4.46,107.3
4,54.3,3.66,80.7
4,64.7,3.68,73.4
4,70.2,2.7,119.6
4,46.2,3.92,179.9
4,44.8,3.27,56.9
4,60.2,4.05,97.9
4,62.0,1.9,81.1
4,54.6,3.66,88.1
4,60.6,2.8,154.8
4,51.5,2.63,192.1
4,69.8,1.84,108.0
4,59.5,2.92,78.1
4,63.8,2.45,26.7
4,67.0,2.16,208.1
4,51.1,2.44,72.4
4,56.9,3.88,166.4
4,49.5,3.49,83.0
4,61.3,3.69,53.3
4,57.3,2.32,113.8
4,52.1,4.67,111.0
4,58.6,3.42,77.5
4,48.9,1.84,41.3
4,60.8,2.74,139.3
4,55.8,3.34,99.1
4,55.0,3.19,195.8
4,55.1,3.13,244.9
4,53.1,2.26,176.8
4,50.6,3.81,128.7
4,50.0,1.27,78.0
4,63.8,3.34,50.8
4,66.6,2.59,160.3
4,62.6,3.34,159.4
4,67.1,1.55,128.9
4,54.2,2.22,144.7
4,57.4,2.77,201.3
4,57.7,2.84,165.0
4,52.3,2.75,102.6
4,57.4,2.45,201.8
4,62.5,3.54,64.0
4,58.0,4.34,90.1
4,62.6,3.27,169.0
4,65.0,1.94,167.9
4,53.2,4.42,104.4
4,63.8,2.02,208.1
4,50.4,3.66,142.7
4,57.6,3.24,124.4
4,62.5,3.46,111.8
4,58.9,2.52,61.1
4,57.4,2.31,101.1
4,56.8,3.11,97.4
4,67.9,2.62,157.3
4,51.0,3.78,37.2
4,57.2,1.63,185.2
4,52.4,3.26,170.5
4,39.1,2.97,71.5
4,55.8,3.25,99.6
4,58.2,1.94,48.4
4,50.9,2.83,89.0
4,48.6,2.8,84.6
4,59.5,3.13,62.4
4,54.9,4.05,116.5
4,50.3,2.53,125.5
4,57.5,1.6,69.5
4,65.2,1.49,60.3
4,60.0,3.95,132.0
4,51.8,3.3,71.3
4,61.0,2.77,164.2
4,59.6,4.51,141.1
4,55.1,3.7,181.4
4,48.8,2.24,120.7
4,64.0,1.37,168.0
4,43.6,3.0,159.5
4,55.0,3.45,82.6
4,59.3,2.06,59.4
4,60.2,3.37,174.0
4,66.2,3.34,253.9
4,59.5,3.32,77.7
4,52.6,2.56,277.0
4,56.0,2.66,27.0
4,53.1,2.65,80.4
4,62.6,2.42,214.9
4,63.3,2.65,144.5
4,66.8,3.52,166.7
4,65.2,1.98,80.3
4,51.1,2.26,65.1
4,57.0,3.77,257.3
4,54.9,3.29,66.2
4,72.8,2.84,128.3
4,55.5,3.38,52.0
4,49.9,4.24,177.0
4,46.9,3.39,107.5
4,66.4,3.51,82.4
4,59.8,3.28,74.1
4,69.6,3.03,136.2
4,66.2,3.83,113.5
4,59.7,3.08,145.3
4,56.9,2.07,108.6
4,62.0,4.05,213.2
4,59.1,3.27,80.2
4,65.9,3.83,145.2
4,55.9,2.87,73.2
4,41.2,2.57,114.0
4,58.0,3.03,68.7
4,53.1,4.63,72.7
4,57.7,2.55,178.8
4,56.9,2.98,88.0
4,51.4,0.85,33.7
4,51.6,2.91,83.1
4,54.1,3.77,124.1
4,58.6,1.47,60.3
4,59.5,2.53,70.3
4,57.1,2.96,58.2
4,59.4,2.91,74.9
4,65.9,2.64,77.7
4,51.0,1.98,76.8
4,52.7,2.98,30.2
4,66.6,2.27,137.5
4,58.6,2.8,93.5
4,51.4,3.88,39.0
4,57.1,2.95,107.3
4,55.8,3.52,268.1
4,45.8,2.89,96.7
4,46.0,3.26,87.5
4,54.9,3.69,44.0
4,52.2,2.61,90.0
4,56.2,2.88,73.0
4,64.9,2.24,163.9
4,50.6,2.43,52.5
4,52.7,4.03,118.3
4,55.0,4.4,110.6
4,63.1,3.47,62.4
4,47.1,2.97,129.1
4,52.0,2.41,124.8
4,58.6,2.55,175.7
4,59.1,3.64,104.6
4,57.1,3.89,258.5
4,67.8,2.71,111.2
4,55.5,2.78,77.1
4,59.9,2.45,216.1
4,61.0,3.02,198.0
4,61.4,4.94,46.2
4,70.5,2.89,116.7
4,67.9,1.71,197.5
4,48.6,2.13,102.8
4,53.4,2.26,65.6
4,59.4,2.49,16.9
4,62.5,2.78,52.3
4,49.8,2.74,108.7
4,61.5,3.19,172.6
4,67.5,0.55,214.1
4,60.3,4.16,145.5
4,63.2,1.82,49.9
4,56.8,2.75,197.6
4,52.5,3.35,42.4
4,52.6,2.96,76.6
4,57.9,3.89,144.4
4,63.4,2.31,135.4
4,65.9,3.58,74.8
4,77.6,1.99,73.6
4,51.0,2.16,103.9
4,48.4,2.6,70.0
4,64.0,2.39,48.6
4,65.5,3.19,64.3
4,64.6,2.78,76.5
4,62.3,2.98,109.8
4,62.0,3.29,34.6
4,56.0,3.78,191.6
4,57.1,4.17,73.5
4,49.5,2.72,67.6
4,66.0,3.05,139.1
4,42.8,2.39,158.8
4,55.6,3.59,85.1
4,62.4,2.51,180.1
4,54.6,3.48,140.9
4,59.7,3.11,44.7
4,59.4,3.4,106.3
4,50.0,3.6,151.2
4,51.5,3.1,74.8
4,75.4,3.72,72.1
4,55.8,3.1,43.6
4,45.3,1.66,269.7
4,66.6,2.35,28.1
4,74.1,1.87,246.9
4,58.7,2.4,65.9
4,65.9,3.16,158.2
